t,totalmass,massrate
0.01,0,0
0.02,0,0
0.03,0,0
0.04,0,0
0.05,0,0
0.06,0,0
0.07,0,0
0.08,0,0
0.09,0,0
0.1,0,0
0.11,0,0
0.12,0,0
0.13,0,0
0.14,0,0
0.15,0,0
0.16,0,0
0.17,0,0
0.18,0,0
0.19,0,0
0.2,0,0
0.21,0,0
0.22,0,0
0.23,0,0
0.24,0,0
0.25,0,0
0.26,0,0
0.27,0,0
0.28,0,0
0.29,0,0
0.3,0,0
0.31,0,0
0.32,0,0
0.33,0,0
0.34,0,0
0.35,0,0
0.36,0,0
0.37,0,0
0.38,0,0
0.39,0,0
0.4,0,0
0.41,0,0
0.42,0,0
0.43,0,0
0.44,0,0
0.45,0,0
0.46,0,0
0.47,0,0
0.48,0,0
0.49,0,0
0.5,0,0
0.51,0,0
0.52,0,0
0.53,0,0
0.54,0,0
0.55,0,0
0.56,0,0
0.57,0,0
0.58,0,0
0.59,0,0
0.6,0,0
0.61,0,0
0.62,0,0
0.63,0,0
0.64,0,0
0.65,0,0
0.66,0,0
0.67,0,0
0.68,0,0
0.69,0,0
0.7,0,0
0.71,0,0
0.72,0,0
0.73,0,0
0.74,0,0
0.75,0,0
0.76,0,0
0.77,0,0
0.78,0,0
0.79,0,0
0.8,0,0
0.81,0,0
0.82,0,0
0.83,0,0
0.84,0,0
0.85,0,0
0.86,0,0
0.87,0,0
0.88,0,0
0.89,0,0
0.9,0,0
0.91,0,0
0.92,0,0
0.93,0,0
0.94,0,0
0.95,0,0
0.96,0,0
0.97,0,0
0.98,0,0
0.99,0,0
1,0,0
1.01,0,0
1.02,0,0
1.03,0,0
1.04,0,0
1.05,0,0
1.06,0,0
1.07,0,0
1.08,0,0
1.09,0,0
1.1,0,0
1.11,0,0
1.12,0,0
1.13,0,0
1.14,0,0
1.15,0,0
1.16,0,0
1.17,0,0
1.18,0,0
1.19,0,0
1.2,0,0
1.21,0,0
1.22,0,0
1.23,0,0
1.24,0,0
1.25,0,0
1.26,0,0
1.27,0,0
1.28,0,0
1.29,0,0
1.3,0,0
1.31,0,0
1.32,0,0
1.33,0,0
1.34,0,0
1.35,0,0
1.36,0,0
1.37,0,0
1.38,0,0
1.39,0,0
1.4,0,0
1.41,0,0
1.42,0,0
1.43,0,0
1.44,0,0
1.45,0,0
1.46,0,0
1.47,0,0
1.48,0,0
1.49,0,0
1.5,0,0
1.51,0,0
1.52,0,0
1.53,0,0
1.54,0,0
1.55,0,0
1.56,0,0
1.57,0,0
1.58,0,0
1.59,0,0
1.6,0,0
1.61,0,0
1.62,0,0
1.63,0,0
1.64,0,0
1.65,0,0
1.66,0,0
1.67,0,0
1.68,0,0
1.69,0,0
1.7,0,0
1.71,0,0
1.72,0,0
1.73,0,0
1.74,0,0
1.75,0,0
1.76,0,0
1.77,0,0
1.78,0,0
1.79,0,0
1.8,0,0
1.81,0,0
1.82,0,0
1.83,0,0
1.84,0,0
1.85,0,0
1.86,0,0
1.87,0,0
1.88,0,0
1.89,0,0
1.9,0,0
1.91,0,0
1.92,0,0
1.93,0,0
1.94,0,0
1.95,0,0
1.96,0,0
1.97,0,0
1.98,0,0
1.99,0,0
2,0,0
2.01,0,0
2.02,0,0
2.03,0,0
2.04,0,0
2.05,0,0
2.06,0,0
2.07,0,0
2.08,0,0
2.09,0,0
2.1,0,0
2.11,0,0
2.12,0,0
2.13,0,0
2.14,0,0
2.15,0,0
2.16,0,0
2.17,0,0
2.18,0,0
2.19,0,0
2.2,0,0
2.21,0,0
2.22,0,0
2.23,0,0
2.24,0,0
2.25,0,0
2.26,0,0
2.27,0,0
2.28,0,0
2.29,0,0
2.3,0,0
2.31,0,0
2.32,0,0
2.33,0,0
2.34,0,0
2.35,0,0
2.36,0,0
2.37,0,0
2.38,0,0
2.39,0,0
2.4,0,0
2.41,0,0
2.42,0,0
2.43,0,0
2.44,0,0
2.45,0,0
2.46,0,0
2.47,0,0
2.48,0,0
2.49,0,0
2.5,0,0
2.51,0,0
2.52,0,0
2.53,0,0
2.54,0,0
2.55,0,0
2.56,0,0
2.57,0,0
2.58,0,0
2.59,0,0
2.6,0,0
2.61,0,0
2.62,0,0
2.63,0,0
2.64,0,0
2.65,0,0
2.66,0,0
2.67,0,0
2.68,0,0
2.69,0,0
2.7,0,0
2.71,0,0
2.72,0,0
2.73,0,0
2.74,0,0
2.75,0,0
2.76,0,0
2.77,0,0
2.78,0,0
2.79,0,0
2.8,0,0
2.81,0,0
2.82,0,0
2.83,0,0
2.84,0,0
2.85,0,0
2.86,0,0
2.87,0,0
2.88,0,0
2.89,0,0
2.9,0,0
2.91,0,0
2.92,0,0
2.93,0,0
2.94,0,0
2.95,0,0
2.96,0,0
2.97,0,0
2.98,0,0
2.99,0,0
3,0,0
3.01,0,0
3.02,0,0
3.03,0,0
3.04,0,0
3.05,0,0
3.06,0,0
3.07,0,0
3.08,0,0
3.09,0,0
3.1,0,0
3.11,0,0
3.12,0,0
3.13,0,0
3.14,0,0
3.15,0,0
3.16,0,0
3.17,0,0
3.18,0,0
3.19,0,0
3.2,0,0
3.21,0,0
3.22,0,0
3.23,0,0
3.24,0,0
3.25,0,0
3.26,0,0
3.27,0,0
3.28,0,0
3.29,0,0
3.3,0,0
3.31,0,0
3.32,0,0
3.33,0,0
3.34,0,0
3.35,0,0
3.36,0,0
3.37,0,0
3.38,0,0
3.39,0,0
3.4,0,0
3.41,0,0
3.42,0,0
3.43,0,0
3.44,0,0
3.45,0,0
3.46,0,0
3.47,0,0
3.48,0,0
3.49,0,0
3.5,0,0
3.51,0,0
3.52,0,0
3.53,0,0
3.54,0,0
3.55,0,0
3.56,0,0
3.57,0,0
3.58,0,0
3.59,0,0
3.6,0,0
3.61,0,0
3.62,0,0
3.63,0,0
3.64,0,0
3.65,0,0
3.66,0,0
3.67,0,0
3.68,0,0
3.69,0,0
3.7,0,0
3.71,0,0
3.72,0,0
3.73,0,0
3.74,0,0
3.75,0,0
3.76,0,0
3.77,0,0
3.78,0,0
3.79,0,0
3.8,0,0
3.81,0,0
3.82,0,0
3.83,0,0
3.84,0,0
3.85,0,0
3.86,0,0
3.87,0,0
3.88,0,0
3.89,0,0
3.9,0,0
3.91,0,0
3.92,0,0
3.93,0,0
3.94,0,0
3.95,0,0
3.96,0,0
3.97,0,0
3.98,0,0
3.99,0,0
4,0,0
4.01,0,0
4.02,0,0
4.03,0,0
4.04,0,0
4.05,0,0
4.06,0,0
4.07,0,0
4.08,0,0
4.09,0,0
4.1,0,0
4.11,0,0
4.12,0,0
4.13,0,0
4.14,0,0
4.15,0,0
4.16,0,0
4.17,0,0
4.18,0,0
4.19,0,0
4.2,0,0
4.21,0,0
4.22,0,0
4.23,0,0
4.24,0,0
4.25,0,0
4.26,0,0
4.27,0,0
4.28,0,0
4.29,0,0
4.3,0,0
4.31,0,0
4.32,0,0
4.33,0,0
4.34,0,0
4.35,0,0
4.36,0,0
4.37,0,0
4.38,0,0
4.39,0,0
4.4,0,0
4.41,0,0
4.42,0,0
4.43,0,0
4.44,0,0
4.45,0,0
4.46,0,0
4.47,0,0
4.48,0,0
4.49,0,0
4.5,0,0
4.51,0,0
4.52,0,0
4.53,0,0
4.54,0,0
4.55,0,0
4.56,0,0
4.57,0,0
4.58,0,0
4.59,0,0
4.6,0,0
4.61,0,0
4.62,0,0
4.63,0,0
4.64,0,0
4.65,0,0
4.66,0,0
4.67,0,0
4.68,0,0
4.69,0,0
4.7,0,0
4.71,0,0
4.72,0,0
4.73,0,0
4.74,0,0
4.75,0,0
4.76,0,0
4.77,0,0
4.78,0,0
4.79,0,0
4.8,0,0
4.81,0,0
4.82,0,0
4.83,0,0
4.84,0,0
4.85,0,0
4.86,0,0
4.87,0,0
4.88,0,0
4.89,0,0
4.9,0,0
4.91,0,0
4.92,0,0
4.93,0,0
4.94,0,0
4.95,0,0
4.96,0,0
4.97,0,0
4.98,0,0
4.99,0,0
5,0,0
5.01,0,0
5.02,0,0
5.03,0,0
5.04,0,0
5.05,0,0
5.06,0,0
5.07,0,0
5.08,0,0
5.09,0,0
5.1,0,0
5.11,0,0
5.12,0,0
5.13,0,0
5.14,0,0
5.15,0,0
5.16,0,0
5.17,0,0
5.18,0,0
5.19,0,0
5.2,0,0
5.21,0,0
5.22,0,0
5.23,0,0
5.24,0,0
5.25,0,0
5.26,0,0
5.27,0,0
5.28,0,0
5.29,0,0
5.3,0,0
5.31,0,0
5.32,0,0
5.33,0,0
5.34,0,0
5.35,0,0
5.36,0,0
5.37,0,0
5.38,0,0
5.39,0,0
5.4,0,0
5.41,0,0
5.42,0,0
5.43,0,0
5.44,0,0
5.45,0,0
5.46,0,0
5.47,0,0
5.48,0,0
5.49,0,0
5.5,0,0
5.51,0,0
5.52,0,0
5.53,0,0
5.54,0,0
5.55,0,0
5.56,0,0
5.57,0,0
5.58,0,0
5.59,0,0
5.6,0,0
5.61,0,0
5.62,0,0
5.63,0,0
5.64,0,0
5.65,0,0
5.66,0,0
5.67,0,0
5.68,0,0
5.69,0,0
5.7,0,0
5.71,0,0
5.72,0,0
5.73,0,0
5.74,0,0
5.75,0,0
5.76,0,0
5.77,0,0
5.78,0,0
5.79,0,0
5.8,0,0
5.81,0,0
5.82,0,0
5.83,0,0
5.84,0,0
5.85,0,0
5.86,0,0
5.87,0,0
5.88,0,0
5.89,0,0
5.9,0,0
5.91,0,0
5.92,0,0
5.93,0,0
5.94,0,0
5.95,0,0
5.96,0,0
5.97,0,0
5.98,0,0
5.99,0,0
6,0,0
6.01,0,0
6.02,0,0
6.03,0,0
6.04,0,0
6.05,0,0
6.06,0,0
6.07,0,0
6.08,0,0
6.09,0,0
6.1,0,0
6.11,0,0
6.12,0,0
6.13,0,0
6.14,0,0
6.15,0,0
6.16,0,0
6.17,0,0
6.18,0,0
6.19,0,0
6.2,0,0
6.21,0,0
6.22,0,0
6.23,0,0
6.24,0,0
6.25,0,0
6.26,0,0
6.27,0,0
6.28,0,0
6.29,0,0
6.3,0,0
6.31,0,0
6.32,0,0
6.33,0,0
6.34,0,0
6.35,0,0
6.36,0,0
6.37,0,0
6.38,0,0
6.39,0,0
6.4,0,0
6.41,0,0
6.42,0,0
6.43,0,0
6.44,0,0
6.45,0,0
6.46,0,0
6.47,0,0
6.48,0,0
6.49,0,0
6.5,0,0
6.51,0,0
6.52,0,0
6.53,0,0
6.54,0,0
6.55,0,0
6.56,0,0
6.57,0,0
6.58,0,0
6.59,0,0
6.6,0,0
6.61,0,0
6.62,0,0
6.63,0,0
6.64,0,0
6.65,0,0
6.66,0,0
6.67,0,0
6.68,0.00502654824574367,0.502654824574379
6.69,0.0238583839092001,1.88318356634569
6.7,0.0238583839092001,0
6.71,0.0285663428250642,0.470795891586422
6.72,0.0410557285020076,1.24893856769437
6.73,0.0729759535437563,3.19202250417494
6.74,0.0890557607447324,1.60798072009765
6.75,0.10649315485108,1.74373941063478
6.76,0.120935620928552,1.44424660774723
6.77,0.139568432089734,1.86328111611828
6.78,0.172048215833231,3.24797837434978
6.79,0.204088925560914,3.20407097276838
6.8,0.236365914890953,3.22769893300393
6.81,0.30056312926274,6.41972143717888
6.82,0.354989241526174,5.44261122634357
6.83,0.412643051214648,5.76538096884749
6.84,0.461521231489001,4.88781802743539
6.85,0.534016826300685,7.24955948116857
6.86,0.613256430309621,7.92396040089386
6.87,0.677976608436411,6.47201781267918
6.88,0.795119673580808,11.7143065144399
6.89,0.876233818173933,8.11141445931272
6.9,0.95578982161323,7.95560034392989
6.91,1.0163593593609,6.05695377476749
6.92,1.03331731459351,1.69579552326049
6.93,1.03970078959129,0.638347499777907
6.94,1.03970078959129,0
6.95,1.03970078959129,0
6.96,1.03970078959129,0
6.97,1.03970078959129,0
6.98,1.03970078959129,0
6.99,1.03970078959129,0
7,1.03970078959129,0
7.01,1.03970078959129,0
7.02,1.03970078959129,0
7.03,1.03970078959129,0
7.04,1.03970078959129,0
7.05,1.04472733783703,0.502654824574401
7.06,1.05514030837466,1.04129705376259
7.07,1.06547473909594,1.03344307212861
7.08,1.06950423463579,0.402949553984687
7.09,1.08251123414489,1.30069995090979
7.1,1.10026655742778,1.77553232828911
7.11,1.10026655742778,0
7.12,1.11135799134142,1.10914339136435
7.13,1.12077390917315,0.94159178317288
7.14,1.14650968371939,2.57357745462449
7.15,1.17592145174701,2.94117680276132
7.16,1.21270737549063,3.67859237436294
7.17,1.25511977103968,4.24123955490509
7.18,1.289829279644,3.47095086043116
7.19,1.33675086931163,4.69215896676347
7.2,1.3825959465987,4.58450772870682
7.21,1.45461745245949,7.20215058607933
7.22,1.51215454737321,5.75370949137258
7.23,1.56773856188641,5.55840145131967
7.24,1.65543805603244,8.76994941460364
7.25,1.71899809174447,6.35600357120305
7.26,1.80111305895468,8.21149672102101
7.27,1.89918958884493,9.80765298902534
7.28,2.00197850771557,10.2788918870639
7.29,2.04909912188547,4.71206141699059
7.3,2.07124447490768,2.21453530222116
7.31,2.0729199909896,0.167551608191467
7.32,2.0729199909896,0
7.33,2.0729199909896,0
7.34,2.0729199909896,0
7.35,2.0729199909896,0
7.36,2.0729199909896,0
7.37,2.0729199909896,0
7.38,2.0729199909896,0
7.39,2.0729199909896,0
7.4,2.0729199909896,0
7.41,2.0729199909896,0
7.42,2.0729199909896,0
7.43,2.08097898206929,0.805899107969329
7.44,2.09745683827481,1.64778562055238
7.45,2.10475882616215,0.730198788733611
7.46,2.11038529796757,0.562647180542144
7.47,2.11509325688343,0.470795891586395
7.48,2.12195617075496,0.68629138715221
7.49,2.12901810912875,0.706193837379593
7.5,2.16289584463555,3.3877735506798
7.51,2.1851197374741,2.22238928385515
7.52,2.20375254863528,1.8632811161182
7.53,2.22330387268602,1.95513240507395
7.54,2.23766779894715,1.4363926261132
7.55,2.26025222598518,2.25844270380256
7.56,2.32728285868864,6.70306327034636
7.57,2.35198121567106,2.46983569824174
7.58,2.40596825391868,5.39870382476208
7.59,2.45269147923737,4.67232253186951
7.6,2.50080888640818,4.8117407170812
7.61,2.5560323667219,5.52234803137215
7.62,2.62801258786643,7.19802211445323
7.63,2.73154872994205,10.3536142075623
7.64,2.8162952409288,8.47465109867531
7.65,2.91273595944173,9.64407185129295
7.66,2.9919345384394,7.91985789976716
7.67,3.07436743482615,8.24328963867506
7.68,3.11542382348149,4.10563886553442
7.69,3.13026718861637,1.48433651348755
7.7,3.13026718861637,0
7.71,3.13026718861637,0
7.72,3.13026718861637,0
7.73,3.13026718861637,0
7.74,3.13026718861637,0
7.75,3.13026718861637,0
7.76,3.13026718861637,0
7.77,3.13026718861637,0
7.78,3.13026718861637,0
7.79,3.13026718861637,0
7.8,3.13026718861637,0
7.81,3.14203708590603,1.17698972896603
7.82,3.14842056090381,0.638347499777862
7.83,3.15336856933321,0.494800842940413
7.84,3.15572254879114,0.235397945793198
7.85,3.16964740103646,1.3924852245318
7.86,3.18006037157408,1.04129705376253
7.87,3.18903787554334,0.897750396925078
7.88,3.21329781866327,2.42599431199403
7.89,3.232170679338,1.88728606747222
7.9,3.26632597916341,3.41552998254117
7.91,3.28831048264176,2.19845034783482
7.92,3.30846239040551,2.01519077637538
7.93,3.35702198134998,4.85595909444732
7.94,3.41778896358826,6.07669822382825
7.95,3.46132266644033,4.35337028520661
7.96,3.50796735194268,4.66446855023552
7.97,3.57675739046725,6.87900385245669
7.98,3.62966440612811,5.2907015660863
7.99,3.72230813879236,9.26437326642544
8,3.81455408215706,9.2245943364698
8.01,3.91278637137331,9.82322892162572
8.02,4.01537183567715,10.2585464303842
8.03,4.08942470204981,7.40528663726652
8.04,4.15909222845267,6.96675264028562
8.05,4.16942665917395,1.0334430721285
8.06,4.17178063863188,0.235397945793198
8.07,4.17178063863188,0
8.08,4.17178063863188,0
8.09,4.17178063863188,0
8.1,4.17178063863188,0
8.11,4.17178063863188,0
8.12,4.17178063863188,0
8.13,4.17178063863188,0
8.14,4.17178063863188,0
8.15,4.17178063863188,0
8.16,4.17178063863188,0
8.17,4.17178063863188,0
8.18,4.1734561547138,0.167551608191467
8.19,4.18993401091932,1.64778562055238
8.2,4.20537795976721,1.54439488478881
8.21,4.20773193922514,0.235397945793198
8.22,4.20773193922514,0
8.23,4.22029986471843,1.25679254932839
8.24,4.23206976200809,1.17698972896599
8.25,4.23677772092395,0.470795891586395
8.26,4.23913170038188,0.235397945793198
8.27,4.25349562664301,1.43639262611316
8.28,4.28138635614491,2.78907295019033
8.29,4.29982014280382,1.8433786658909
8.3,4.34095726117503,4.11371183712045
8.31,4.39011366592133,4.91564047463016
8.32,4.42953490335269,3.9421237431359
8.33,4.48016779967863,5.06328963259429
8.34,4.53818433346609,5.80165337874675
8.35,4.62875542090221,9.05710874361198
8.36,4.7058842047246,7.71287838223938
8.37,4.77455375856323,6.86695538386325
8.38,4.87410678003312,9.95530214698889
8.39,4.97576996153622,10.1663181503098
8.4,5.04966376781619,7.38938062799788
8.41,5.12702883124094,7.73650634247494
8.42,5.17646280030585,4.94339690649153
8.43,5.19932413150916,2.28613312033025
8.44,5.20167811096709,0.235397945793198
8.45,5.20167811096709,0
8.46,5.20167811096709,0
8.47,5.20167811096709,0
8.48,5.20167811096709,0
8.49,5.20167811096709,0
8.5,5.20167811096709,0
8.51,5.20167811096709,0
8.52,5.20167811096709,0
8.53,5.20167811096709,0
8.54,5.20167811096709,0
8.55,5.20502914313092,0.335103216382934
8.56,5.22082853596042,1.57993928295065
8.57,5.23216001938761,1.13314834271823
8.58,5.24157593721933,0.941591783172791
8.59,5.24392991667727,0.235397945793198
8.6,5.25933126050222,1.54013438249598
8.61,5.27182064617917,1.24893856769435
8.62,5.28526605955074,1.34454133715746
8.63,5.30086642787797,1.56003683272331
8.64,5.31355483805719,1.26884101792169
8.65,5.32915520638442,1.56003683272331
8.66,5.37372255688913,4.45673505047088
8.67,5.41134779355264,3.76252366635113
8.68,5.42990272505082,1.85549314981777
8.69,5.4727983293848,4.28956043339782
8.7,5.53600226096187,6.32039315770753
8.71,5.58982778951229,5.38255285504214
8.72,5.64549034384182,5.56625543295355
8.73,5.71587511846697,7.03847746251424
8.74,5.80640803094467,9.05329124777103
8.75,5.89801811595628,9.16100850116099
8.76,5.9842814833806,8.62633674243248
8.77,6.09313370790747,10.8852224526869
8.78,6.16160138719097,6.84676792835022
8.79,6.21566411520207,5.40627280111043
8.8,6.22272605357587,0.706193837379593
8.81,6.22272605357587,0
8.82,6.22272605357587,0
8.83,6.22272605357587,0
8.84,6.22272605357587,0
8.85,6.22272605357587,0
8.86,6.22272605357587,0
8.87,6.22272605357587,0
8.88,6.22272605357587,0
8.89,6.22272605357587,0
8.9,6.22272605357587,0
8.91,6.22272605357587,0
8.92,6.22272605357587,0
8.93,6.23178209736146,0.905604378559066
8.94,6.24690302681495,1.51209294534892
8.95,6.25891297361815,1.20099468031996
8.96,6.25891297361815,0
8.97,6.27307787537701,1.41649017588582
8.98,6.28556726105395,1.24893856769435
8.99,6.29195073605173,0.638347499777862
9,6.30846961726852,1.65188812167902
9.01,6.32702454876669,1.85549314981777
9.02,6.35276032331294,2.57357745462447
9.03,6.38320471692838,3.04443936154442
9.04,6.42470236949906,4.14976525706773
9.05,6.43998480864975,1.52824391506886
9.06,6.48383644067836,4.38516320286092
9.07,6.5298805424677,4.60441017893418
9.08,6.58861371458959,5.87331721218943
9.09,6.66007566174863,7.1461947159042
9.1,6.73021885711404,7.0143195365416
9.11,6.80682691734643,7.66080602323918
9.12,6.87545829622665,6.86313788802229
9.13,6.97720154729228,10.1743251065624
9.14,7.06821481850206,9.10132712097815
9.15,7.16349386485404,9.52790463519846
9.16,7.2321223936814,6.86285288273661
9.17,7.26072976151773,2.86073678363301
9.18,7.26926819147117,0.853842995343721
9.19,7.26926819147117,0
9.2,7.26926819147117,0
9.21,7.26926819147117,0
9.22,7.26926819147117,0
9.23,7.26926819147117,0
9.24,7.26926819147117,0
9.25,7.26926819147117,0
9.26,7.26926819147117,0
9.27,7.26926819147117,0
9.28,7.26926819147117,0
9.29,7.26926819147117,0
9.3,7.27094370755308,0.167551608191467
9.31,7.28371065754864,1.27669499955572
9.32,7.29588211404904,1.2171456500399
9.33,7.30813211036578,1.22499963167394
9.34,7.32062149604272,1.24893856769435
9.35,7.32915992599616,0.853842995343721
9.36,7.34208838568891,1.29284596927567
9.37,7.35409833249211,1.20099468031996
9.38,7.37775769189904,2.36593594069264
9.39,7.38797163793439,1.02139460353519
9.4,7.42384281869965,3.58711807652563
9.41,7.46374349500475,3.99006763051029
9.42,7.49035675742928,2.66132624245354
9.43,7.50922961810401,1.88728606747222
9.44,7.57075426368798,6.15246455839766
9.45,7.63754861678909,6.67943531011089
9.46,7.66607744480908,2.85288280199898
9.47,7.7128410349857,4.67635901766255
9.48,7.80305290852902,9.02118735433172
9.49,7.87339797844956,7.03450699205471
9.5,7.97529611924834,10.1898140798782
9.51,8.06012117005145,8.48250508031055
9.52,8.15464321321108,9.45220431596394
9.53,8.24269815133874,8.80549381276644
9.54,8.28870188827016,4.6003736931419
9.55,8.31699066677662,2.82887785064563
9.56,8.32026315912411,0.327249234748991
9.57,8.32026315912411,0
9.58,8.32026315912411,0
9.59,8.32026315912411,0
9.6,8.32026315912411,0
9.61,8.32026315912411,0
9.62,8.32026315912411,0
9.63,8.32026315912411,0
9.64,8.32026315912411,0
9.65,8.32026315912411,0
9.66,8.32026315912411,0
9.67,8.32026315912411,0
9.68,8.32596817074587,0.57050116217622
9.69,8.33235164574365,0.638347499777951
9.7,8.34923106115992,1.68794154162683
9.71,8.35629299953372,0.70619383737986
9.72,8.35796851561563,0.167551608191378
9.73,8.37843835255593,2.0469836940301
9.74,8.38976983598311,1.13314834271832
9.75,8.39898672931257,0.921689332945541
9.76,8.42113208233478,2.21453530222147
9.77,8.44607048883074,2.49384064959616
9.78,8.45480794328646,0.873745445571238
9.79,8.47527778022676,2.0469836940301
9.8,8.52598855621571,5.0710775988953
9.81,8.54629688345881,2.03083272431007
9.82,8.63159734351947,8.53004600606673
9.83,8.68562189657218,5.40245530527037
9.84,8.76725808506199,8.16361884898138
9.85,8.82431197119079,5.70538861288035
9.86,8.91184995563963,8.75379844488456
9.87,9.00094766125398,8.90977056143448
9.88,9.08768827765253,8.67406163985599
9.89,9.13800192449527,5.03136468427326
9.9,9.22358774840191,8.55858239066499
9.91,9.30279009731078,7.92023489088704
9.92,9.35346427835299,5.0674181042209
9.93,9.35673677070048,0.327249234748991
9.94,9.35673677070048,0
9.95,9.35673677070048,0
9.96,9.35673677070048,0
9.97,9.35673677070048,0
9.98,9.35673677070048,0
9.99,9.35673677070048,0
10,9.35673677070048,0
10.01,9.35673677070048,0
10.02,9.35673677070048,0
10.03,9.35673677070048,0
10.04,9.35673677070048,0
10.05,9.35673677070048,0
10.06,9.37724412244585,2.05073517453749
10.07,9.3884970660567,1.12529436108455
10.08,9.40118547623592,1.26884101792214
10.09,9.40445796858341,0.327249234748991
10.1,9.41151990695721,0.70619383737986
10.11,9.41487093912104,0.335103216382756
10.12,9.43789378002154,2.30228409005099
10.13,9.4718462854335,3.3952505411956
10.14,9.49251514687608,2.0668861442577
10.15,9.51314206344905,2.06269165729763
10.16,9.53289241200207,1.975034855302
10.17,9.5913846147521,5.84922027500326
10.18,9.62745482001964,3.60702052675359
10.19,9.66084934674151,3.33945267218753
10.2,9.71088165935445,5.00323126129339
10.21,9.78094473489186,7.00630755374209
10.22,9.8470195996057,6.6074864713835
10.23,9.87901994447546,3.20003448697602
10.24,9.9678780010246,8.88580565491409
10.25,10.0653152645621,9.74372635374655
10.26,10.1484692293478,8.31539647857105
10.27,10.2319417834634,8.34725541155861
10.28,10.3375177457316,10.5575962268211
10.29,10.3938183985792,5.630065284763
10.3,10.4106148441146,1.67964455354057
10.31,10.4106148441146,0
10.32,10.4106148441146,0
10.33,10.4106148441146,0
10.34,10.4106148441146,0
10.35,10.4106148441146,0
10.36,10.4106148441146,0
10.37,10.4106148441146,0
10.38,10.4106148441146,0
10.39,10.4106148441146,0
10.4,10.4106148441146,0
10.41,10.4106148441146,0
10.42,10.4106148441146,0
10.43,10.4156413923603,0.502654824574312
10.44,10.4250573101921,0.941591783173146
10.45,10.4306837819975,0.562647180542277
10.46,10.4347132775373,0.402949553984665
10.47,10.4412582622323,0.654498469497982
10.48,10.4630430810551,2.17848188227384
10.49,10.4731784872741,1.01354062190125
10.5,10.4891393898008,1.59609025267113
10.51,10.5088897383538,1.975034855302
10.52,10.5421265252897,3.323678693586
10.53,10.5600808730748,1.79543477851678
10.54,10.5920010981166,3.19202250417508
10.55,10.6219241079887,2.99230098721093
10.56,10.6626609874558,4.07368794671409
10.57,10.6893527896967,2.66918022408784
10.58,10.747886277163,5.85334874662933
10.59,10.7881474876676,4.02612105045828
10.6,10.8652731617321,7.71256740645524
10.61,10.9402842456989,7.50110839668246
10.62,11.0061197210526,6.58354753536299
10.63,11.1205924073087,11.4472686256115
10.64,11.1890219116338,6.84295043251007
10.65,11.267624336983,7.86024253491889
10.66,11.3476635492072,8.00392122242376
10.67,11.4124988620971,6.48353128898813
10.68,11.4496866047565,3.7187742659369
10.69,11.4496866047565,0
10.7,11.4496866047565,0
10.71,11.4496866047565,0
10.72,11.4496866047565,0
10.73,11.4496866047565,0
10.74,11.4496866047565,0
10.75,11.4496866047565,0
10.76,11.4496866047565,0
10.77,11.4496866047565,0
10.78,11.4496866047565,0
10.79,11.4496866047565,0
10.8,11.4513621208384,0.167551608191378
10.81,11.462453554752,1.10914339136435
10.82,11.4706740555289,0.82205007768936
10.83,11.4817654894426,1.10914339136452
10.84,11.4817654894426,0
10.85,11.4881489644403,0.638347499777951
10.86,11.4970479285932,0.889896415291268
10.87,11.504109866967,0.70619383737986
10.88,11.523181752144,1.90718851770009
10.89,11.5411360999292,1.79543477851678
10.9,11.558333444522,1.7197344592811
10.91,11.5918881606344,3.35547161124027
10.92,11.6356987676518,4.38106070173536
10.93,11.6596401214418,2.39413537900669
10.94,11.7225223539312,6.28822324893556
10.95,11.7642190310042,4.16966770729587
10.96,11.828731984653,6.45129536488225
10.97,11.8888624483848,6.01304637318695
10.98,11.9820269046391,9.31644562542684
10.99,12.0455510055577,6.35241009186307
11,12.120844744061,7.52937385032962
11.01,12.2033972052754,8.25524612143662
11.02,12.3175153674082,11.4118162132829
11.03,12.3920882972176,7.45729298093423
11.04,12.4801117306163,8.80234333987783
11.05,12.5171004487734,3.69887181570929
11.06,12.530545862145,1.34454133715781
11.07,12.530545862145,0
11.08,12.530545862145,0
11.09,12.530545862145,0
11.1,12.530545862145,0
11.11,12.530545862145,0
11.12,12.530545862145,0
11.13,12.530545862145,0
11.14,12.530545862145,0
11.15,12.530545862145,0
11.16,12.530545862145,0
11.17,12.5322213782269,0.167551608191378
11.18,12.5372479264727,0.502654824574312
11.19,12.5443098648465,0.70619383737986
11.2,12.5443098648465,0
11.21,12.5490178237623,0.470795891586573
11.22,12.5530473193022,0.402949553984665
11.23,12.5741536747489,2.11063554467193
11.24,12.5857245475363,1.15708727873883
11.25,12.5984129577155,1.26884101792214
11.26,12.6189613344721,2.05483767566386
11.27,12.6668424620406,4.78811275684621
11.28,12.7000007091601,3.31582471195223
11.29,12.7206276257331,2.06269165729763
11.3,12.7497570374661,2.91294117330086
11.31,12.7726593936807,2.29023562145715
11.32,12.8240486330457,5.13892393649721
11.33,12.8888457709771,6.47971379314744
11.34,12.9393988071801,5.05530362029377
11.35,12.9818935124566,4.24947052765773
11.36,13.0832775496295,10.138403717283
11.37,13.16391602526,8.06384756305791
11.38,13.2720818461402,10.8165820880159
11.39,13.3483302920315,7.62484458912543
11.4,13.4514655350497,10.3135243018228
11.41,13.512913220829,6.14476857793115
11.42,13.5746375510686,6.17243302395935
11.43,13.5904779689094,1.58404178407729
11.44,13.5951859278252,0.470795891586573
11.45,13.5975399072831,0.235397945793287
11.46,13.5975399072831,0
11.47,13.5975399072831,0
11.48,13.5975399072831,0
11.49,13.5975399072831,0
11.5,13.5975399072831,0
11.51,13.5975399072831,0
11.52,13.5975399072831,0
11.53,13.5975399072831,0
11.54,13.5975399072831,0
11.55,13.5992154233651,0.167551608191378
11.56,13.6055988983628,0.638347499777951
11.57,13.6224783137791,1.68794154162683
11.58,13.6351667239583,1.26884101792214
11.59,13.6422286623321,0.70619383737986
11.6,13.6596660564385,1.7437394106349
11.61,13.6643740153543,0.470795891586573
11.62,13.6776204042236,1.32463888693021
11.63,13.6887118381373,1.10914339136452
11.64,13.7234251166528,3.47132785154977
11.65,13.7469280565804,2.35029399275858
11.66,13.7772901404683,3.03620838879233
11.67,13.8277226919853,5.04325515169993
11.68,13.8586061596166,3.088346763126
11.69,13.9028145559335,4.42083963169068
11.7,13.9568801339974,5.40655780639656
11.71,14.0189649984365,6.20848644390698
11.72,14.0765799730132,5.76149745767363
11.73,14.1377860292673,6.12060562541018
11.74,14.2156283416663,7.78423123989801
11.75,14.285013873686,6.93855320197335
11.76,14.4038697100124,11.8855836326401
11.77,14.4902535621227,8.63838521102667
11.78,14.5712472220299,8.09936599071987
11.79,14.6296624649753,5.84152429453596
11.8,14.6494128135283,1.975034855302
11.81,14.6583903174975,0.897750396925034
11.82,14.6583903174975,0
11.83,14.6583903174975,0
11.84,14.6583903174975,0
11.85,14.6583903174975,0
11.86,14.6583903174975,0
11.87,14.6583903174975,0
11.88,14.6583903174975,0
11.89,14.6583903174975,0
11.9,14.6583903174975,0
11.91,14.6583903174975,0
11.92,14.6583903174975,0
11.93,14.6617413496614,0.335103216382756
11.94,14.6775407424909,1.5799392829511
11.95,14.6864397066438,0.889896415291268
11.96,14.6920661784492,0.562647180542277
11.97,14.7024791489868,1.04129705376262
11.98,14.7195560088937,1.70768599068727
11.99,14.7426946447106,2.31386358169244
12,14.7514320991663,0.873745445571238
12.01,14.7710619630334,1.96298638670816
12.02,14.7989116675241,2.78497044906423
12.03,14.8240894633802,2.51777958561667
12.04,14.8500242624287,2.59347990485234
12.05,14.8915219149994,4.14976525706826
12.06,14.9485748812699,5.70529662704718
12.07,14.9824901315818,3.39152503118791
12.08,15.0274593010022,4.49691694204486
12.09,15.0733043782893,4.5845077287072
12.1,15.1314413967627,5.8137018473413
12.11,15.1805589663973,4.91175696345619
12.12,15.2666255494843,8.6066583087064
12.13,15.3466265867501,8.00010372658219
12.14,15.4482105682836,10.1583981533436
12.15,15.5851061718805,13.6895603596944
12.16,15.6417247539047,5.66185820241745
12.17,15.7018962426478,6.01714887431314
12.18,15.7155817055329,1.36854628851161
12.19,15.7155817055329,0
12.2,15.7155817055329,0
12.21,15.7155817055329,0
12.22,15.7155817055329,0
12.23,15.7155817055329,0
12.24,15.7155817055329,0
12.25,15.7155817055329,0
12.26,15.7155817055329,0
12.27,15.7155817055329,0
12.28,15.7155817055329,0
12.29,15.7155817055329,0
12.3,15.7253162126945,0.973450716160708
12.31,15.7316996876923,0.638347499777951
12.32,15.7340536671503,0.235397945793287
12.33,15.7411156055241,0.70619383737986
12.34,15.7500931094933,0.897750396925034
12.35,15.7661729166943,1.6079807200978
12.36,15.7750718808472,0.889896415291268
12.37,15.7774258603051,0.235397945793287
12.38,15.8115773902194,3.4151529914232
12.39,15.8347197959475,2.31424057281094
12.4,15.867199579691,3.24797837435032
12.41,15.8776125502286,1.04129705376262
12.42,15.9305584010012,5.29458507726192
12.43,15.9592061336955,2.86477326942609
12.44,16.0242808359456,6.50747022500864
12.45,16.078186484324,5.39056483784299
12.46,16.1340480631558,5.58615788318106
12.47,16.212372264033,7.83242008772388
12.48,16.2717463847259,5.9374120692835
12.49,16.3406143029134,6.88679181875765
12.5,16.399268935219,5.86546323055557
12.51,16.4811811080157,8.19121727967504
12.52,16.5534375731722,7.22564651564834
12.53,16.6601310728323,10.6693499660028
12.54,16.7239699931696,6.38389203373159
12.55,16.7423634149705,1.839342180098
12.56,16.7423634149705,0
12.57,16.7423634149705,0
12.58,16.7423634149705,0
12.59,16.7423634149705,0
12.6,16.7423634149705,0
12.61,16.7423634149705,0
12.62,16.7423634149705,0
12.63,16.7423634149705,0
12.64,16.7423634149705,0
12.65,16.7423634149705,0
12.66,16.7423634149705,0
12.67,16.7423634149705,0
12.68,16.7440389310525,0.167551608191378
12.69,16.760516787258,1.64778562055301
12.7,16.7767177392982,1.62009520402439
12.71,16.7767177392982,0
12.72,16.7767177392982,0
12.73,16.7929965710015,1.6278831703254
12.74,16.7970260665413,0.402949553984665
12.75,16.807439037079,1.04129705376262
12.76,16.833734370327,2.62953332479945
12.77,16.8502122265325,1.64778562055301
12.78,16.8860796373866,3.58674108540748
12.79,16.9053130322608,1.92333948741959
12.8,16.9507616405549,4.54486082941845
12.81,16.9923340630308,4.15724224758353
12.82,17.0286443178118,3.63102547810685
12.83,17.0738109317229,4.51666139110511
12.84,17.1294734860524,5.56625543295346
12.85,17.1987429634507,6.92694773983095
12.86,17.3042725507848,10.5529587334089
12.87,17.3853491805729,8.10766297880525
12.88,17.4625161393537,7.7166958780806
12.89,17.5564823937227,9.39662543690632
12.9,17.6692804837553,11.2798090032526
12.91,17.7371520093903,6.78715256350112
12.92,17.7861881891556,4.90361797653674
12.93,17.7942471802353,0.805899107969329
12.94,17.7942471802353,0
12.95,17.7942471802353,0
12.96,17.7942471802353,0
12.97,17.7942471802353,0
12.98,17.7942471802353,0
12.99,17.7942471802353,0
13,17.7942471802353,0
13.01,17.7942471802353,0
13.02,17.7942471802353,0
13.03,17.7942471802353,0
13.04,17.7959226963172,0.167551608191378
13.05,17.8033032240209,0.738052770367421
13.06,17.8167486373925,1.34454133715781
13.07,17.8207781329323,0.402949553984665
13.08,17.8271616079301,0.638347499777951
13.09,17.831869566846,0.470795891586573
13.1,17.8436394641356,1.17698972896643
13.11,17.8561288498126,1.24893856769435
13.12,17.8799459490055,2.38170991929435
13.13,17.8846539079214,0.470795891586573
13.14,17.9038873027956,1.92333948741959
13.15,17.931497617926,2.76103151304354
13.16,17.9592694427537,2.77718248276322
13.17,17.9897131762158,3.04437334621113
13.18,18.0355970886146,4.58839123988153
13.19,18.082799752807,4.72026641924377
13.2,18.1430841864137,6.0284433606698
13.21,18.1739669938916,3.08828074779236
13.22,18.2506125689291,7.66455750374729
13.23,18.2877627967834,3.71502278542843
13.24,18.3646484213344,7.68856245510091
13.25,18.4415744107433,7.69259894089399
13.26,18.5187413695241,7.7166958780806
13.27,18.6204906306659,10.1749261141807
13.28,18.7332856109406,11.2794980274674
13.29,18.8282880128323,9.50024018917036
13.3,18.8569373255382,2.86493127059273
13.31,18.863999263912,0.70619383737986
13.32,18.863999263912,0
13.33,18.863999263912,0
13.34,18.863999263912,0
13.35,18.863999263912,0
13.36,18.863999263912,0
13.37,18.863999263912,0
13.38,18.863999263912,0
13.39,18.863999263912,0
13.4,18.863999263912,0
13.41,18.863999263912,0
13.42,18.863999263912,0
13.43,18.8673502960759,0.335103216382756
13.44,18.8791201933655,1.17698972896643
13.45,18.8896946736004,1.05744802348229
13.46,18.8991105914321,0.941591783173146
13.47,18.900786107514,0.167551608191378
13.48,18.9163864758412,1.56003683272349
13.49,18.9210944347571,0.470795891586573
13.5,18.9354583610182,1.43639262611334
13.51,18.9505007506554,1.50423896371525
13.52,18.9759185960251,2.54178453696993
13.53,19.0083983797686,3.24797837434979
13.54,19.061703184729,5.33048049604203
13.55,19.1114175681654,4.97143834363859
13.56,19.1611319516018,4.97143834363859
13.57,19.2115250581192,5.03931065174056
13.58,19.2799088476635,6.83837895443221
13.59,19.3303429791922,5.04341315286657
13.6,19.3972136822101,6.6870703017935
13.61,19.4979993758349,10.078569362481
13.62,19.5757208030996,7.77214272647076
13.63,19.6446688411152,6.89480380155823
13.64,19.7215544656662,7.68856245510091
13.65,19.8186317026856,9.70772370193546
13.66,19.8632372281487,4.46055254631165
13.67,19.8795160598519,1.6278831703254
13.68,19.8858995348497,0.638347499777951
13.69,19.8882535143076,0.235397945793287
13.7,19.8882535143076,0
13.71,19.8882535143076,0
13.72,19.8882535143076,0
13.73,19.8882535143076,0
13.74,19.8882535143076,0
13.75,19.8882535143076,0
13.76,19.8882535143076,0
13.77,19.8882535143076,0
13.78,19.8882535143076,0
13.79,19.8899290303895,0.167551608191378
13.8,19.8916045464715,0.167551608191378
13.81,19.905049959843,1.34454133715781
13.82,19.9177383700223,1.26884101792196
13.83,19.9233648418277,0.5626471805421
13.84,19.933699272549,1.03344307212867
13.85,19.9492996408762,1.56003683272349
13.86,19.9699685023188,2.06688614425735
13.87,19.985568870646,1.56003683272349
13.88,19.9919523456438,0.638347499777951
13.89,20.0103457674448,1.839342180098
13.9,20.0232742271375,1.29284596927558
13.91,20.0482492285802,2.49750014427056
13.92,20.1002002165465,5.19509879662342
13.93,20.1454835452323,4.52833286858063
13.94,20.2027430758274,5.72595305951089
13.95,20.2551337979627,5.23907221353758
13.96,20.2924404452964,3.73066473336339
13.97,20.3583513507085,6.5910905412119
13.98,20.4501582200574,9.18068693488956
13.99,20.5165516741011,6.6393454043707
14,20.6097609252778,9.32092511767047
14.01,20.6731235164992,6.33625912214215
14.02,20.7811351077995,10.8011591300321
14.03,20.8382302786446,5.70951708450607
14.04,20.8905793156154,5.23490369707863
14.05,20.9186287047616,2.80493891462477
14.06,20.9226582003015,0.402949553984665
14.07,20.9226582003015,0
14.08,20.9226582003015,0
14.09,20.9226582003015,0
14.1,20.9226582003015,0
14.11,20.9226582003015,0
14.12,20.9226582003015,0
14.13,20.9226582003015,0
14.14,20.9226582003015,0
14.15,20.9226582003015,0
14.16,20.9226582003015,0
14.17,20.9260092324653,0.335103216382756
14.18,20.931035780711,0.502654824574134
14.19,20.9380977190848,0.70619383737986
14.2,20.9430457275142,0.494800842940191
14.21,20.9453997069722,0.235397945793287
14.22,20.9602430721071,1.48433651348764
14.23,20.9845433800849,2.4300307977868
14.24,20.9993867452198,1.48433651348764
14.25,21.0102791546312,1.08924094113692
14.26,21.0404834987331,3.02043441019045
14.27,21.0578798678282,1.73963690950853
14.28,21.075077212421,1.71973445928093
14.29,21.1000934985799,2.50162861589664
14.3,21.1397541253715,3.96606267915667
14.31,21.1867571049083,4.70029795368323
14.32,21.2172008383704,3.04437334621113
14.33,21.2780470205784,6.08461822079619
14.34,21.3372176867044,5.91706661260481
14.35,21.3907215161671,5.35038294626963
14.36,21.459866078815,6.9144562647862
14.37,21.5419391011556,8.20730223406178
14.38,21.594487822782,5.25487216263917
14.39,21.6905642371843,9.60764144022784
14.4,21.7837712984615,9.32070612771896
14.41,21.8861939327614,10.2422634299979
14.42,21.9283671986553,4.21732658938449
14.43,21.9484765013961,2.01093027408246
14.44,21.9484765013961,0
14.45,21.9484765013961,0
14.46,21.9484765013961,0
14.47,21.9484765013961,0
14.48,21.9484765013961,0
14.49,21.9484765013961,0
14.5,21.9484765013961,0
14.51,21.9484765013961,0
14.52,21.9484765013961,0
14.53,21.9484765013961,0
14.54,21.9484765013961,0
14.55,21.9518275335599,0.335103216382756
14.56,21.9676269263894,1.5799392829511
14.57,21.9787183603031,1.10914339136452
14.58,21.9885358373456,0.98174770424644
14.59,21.998353314388,0.98174770424644
14.6,22.0075702077175,0.921689332945541
14.61,22.0169861255492,0.941591783173146
14.62,22.0304315389208,1.34454133715781
14.63,22.049664933795,1.92333948741959
14.64,22.0666228890276,1.69579552326024
14.65,22.0995821116448,3.29592226172409
14.66,22.1274318161355,2.78497044906423
14.67,22.1746344803279,4.72026641924377
14.68,22.2213943005933,4.6759820265444
14.69,22.2724618408706,5.10675402772426
14.7,22.3186636824459,4.62018415753615
14.71,22.3679802765828,4.93165941368344
14.72,22.4194944306982,5.15141541154177
14.73,22.5132206355537,9.3726204855527
14.74,22.5925425492902,7.93219137364628
14.75,22.6928137388407,10.0271189550503
14.76,22.7729308307279,8.011709188723
14.77,22.8516947657743,7.87639350463803
14.78,22.9044828767609,5.27881109865986
14.79,22.9462580936502,4.17752168892928
14.8,22.95028758919,0.402949553984665
14.81,22.952641568648,0.235397945793287
14.82,22.952641568648,0
14.83,22.952641568648,0
14.84,22.952641568648,0
14.85,22.952641568648,0
14.86,22.952641568648,0
14.87,22.952641568648,0
14.88,22.952641568648,0
14.89,22.952641568648,0
14.9,22.952641568648,0
14.91,22.952641568648,0
14.92,22.952641568648,0
14.93,22.9583465802697,0.570501162176043
14.94,22.9694380141834,1.10914339136452
14.95,22.9764999525572,0.70619383737986
14.96,22.9859158703889,0.941591783173146
14.97,22.9916208820107,0.570501162176043
14.98,23.0017562882297,1.01354062190107
14.99,23.0152017016012,1.34454133715781
15,23.0448853221131,2.96836205119007
15.01,23.0842280197282,3.93426976150205
15.02,23.098392921487,1.41649017588573
15.03,23.1160293400956,1.76364186086215
15.04,23.1325482213124,1.65188812167902
15.05,23.1434406307238,1.08924094113692
15.06,23.204848561533,6.14079308092258
15.07,23.2433137712697,3.84652097367253
15.08,23.3099876396849,6.6673868415174
15.09,23.3764609538516,6.64733141667122
15.1,23.4488420740536,7.23811202019302
15.11,23.5219795372945,7.31374632409594
15.12,23.5964326425713,7.44531052767368
15.13,23.7036818807564,10.7249238185115
15.14,23.7947736917825,9.10918110261271
15.15,23.8875372489793,9.27635571968595
15.16,23.9526942609569,6.51570119776055
15.17,23.978869109519,2.61748485620578
15.18,23.9828986050589,0.402949553984665
15.19,23.9921154983883,0.921689332945541
15.2,23.9921154983883,0
15.21,23.9921154983883,0
15.22,23.9921154983883,0
15.23,23.9921154983883,0
15.24,23.9921154983883,0
15.25,23.9921154983883,0
15.26,23.9921154983883,0
15.27,23.9921154983883,0
15.28,23.9921154983883,0
15.29,23.9921154983883,0
15.3,23.9921154983883,0
15.31,23.9961449939282,0.402949553984665
15.32,24.0130244093444,1.6879415416263
15.33,24.0251958658448,1.21714565003973
15.34,24.0299038247607,0.470795891586573
15.35,24.0545220619151,2.46182371544143
15.36,24.0602270735369,0.570501162176043
15.37,24.0706400440745,1.04129705376262
15.38,24.092984421599,2.23443775244872
15.39,24.126460597895,3.34761762960633
15.4,24.1516383937512,2.51777958561631
15.41,24.181204639335,2.95662455838162
15.42,24.2114493482948,3.02447089598353
15.43,24.2604883781131,4.90390298182189
15.44,24.285426784609,2.49384064959563
15.45,24.3263664584896,4.09396738805948
15.46,24.3781947718704,5.18283133807826
15.47,24.4258358499253,4.76410780549206
15.48,24.4986919789365,7.28561290111624
15.49,24.5736658078032,7.49738288667406
15.5,24.6602500047224,8.65841969192032
15.51,24.7608779585612,10.0627953838795
15.52,24.8601896102109,9.93116516496879
15.53,24.9394704989361,7.92808887252027
15.54,24.9913025822281,5.1832083291964
15.55,25.0177549951087,2.64524128806733
15.56,25.0266539592616,0.889896415290913
15.57,25.0266539592616,0
15.58,25.0266539592616,0
15.59,25.0266539592616,0
15.6,25.0266539592616,0
15.61,25.0266539592616,0
15.62,25.0266539592616,0
15.63,25.0266539592616,0
15.64,25.0266539592616,0
15.65,25.0266539592616,0
15.66,25.0266539592616,0
15.67,25.0266539592616,0
15.68,25.0316805075074,0.502654824574134
15.69,25.045125920879,1.34454133715781
15.7,25.045125920879,0
15.71,25.0474799003369,0.235397945793287
15.72,25.0521878592528,0.470795891586573
15.73,25.0682676664537,1.6079807200978
15.74,25.0729756253696,0.470795891586573
15.75,25.1143878584549,4.14122330853043
15.76,25.1365332114771,2.21453530222112
15.77,25.1550881429753,1.85549314981768
15.78,25.1980212621143,4.29331191390549
15.79,25.2262725258157,2.82512637013752
15.8,25.2523688345614,2.60963087457184
15.81,25.2815761259574,2.92072913960098
15.82,25.3243102205942,4.27340946367788
15.83,25.3608973795406,3.65871589463547
15.84,25.4380618887169,7.71645091762903
15.85,25.4879371216971,4.98752329802462
15.86,25.5461952850098,5.825816331267
15.87,25.6072852866425,6.10900016326831
15.88,25.7119389661099,10.465367946746
15.89,25.8103722602884,9.84332941785363
15.9,25.8907669164943,8.03946562058525
15.91,25.9903574527693,9.95905362749691
15.92,26.0456601330527,5.53026802833911
15.93,26.0686829739532,2.30228409005063
15.94,26.072712469493,0.402949553984665
15.95,26.072712469493,0
15.96,26.072712469493,0
15.97,26.072712469493,0
15.98,26.072712469493,0
15.99,26.072712469493,0
